{
    "data": [
        {
            "id": 1,
            "name": "James Butt",
            "country": {
                "name": "Algeria",
                "code": "dz"
            },
            "company": "Benton, John B Jr",
            "date": "2015-09-13",
            "status": "unqualified",
            "verified": true,
            "activity": 17,
            "representative": {
                "name": "Ioni Bowcher",
                "image": "ionibowcher.png"
            },
            "balance": 70663
        },
        {
            "id": 2,
            "name": "Jolanda Hanafan",
            "country": {
                "name": "Cameroon",
                "code": "cm"
            },
            "company": "Perez, Joseph J Esq",
            "date": "2015-12-09",
            "status": "qualified",
            "verified": true,
            "activity": 27,
            "representative": {
                "name": "Ivan Magalhaes",
                "image": "ivanmagalhaes.png"
            },
            "balance": 99417
        }
    ]
}
